{
"EXAMPLE": "UN ARCHIVO PUEDE SER UNA LISTA DE PREFABS O UN UNICO OBJETO PREFAB",
"Prefabs" :
[
    {
        "id": {
            "name": "NOMBRE UNICO (reemplazable cuando se sustituya el prefab)",
            "type": "EXAMPLE",
            "EXAMPLE": "TIPO DEL PREFAB, LO MAS IMPORTANTE",
            "group": "PENSADO PARA GRUPOS DE ENTIDADES PERO SE PUEDE DEFINIR GRUPOS DE COMPS"
        },
        "pos": {  "x": 0.0, "y": 0.0, "z": 0.0 },
        "ori": {  "w": 1.0, "x": 0.0, "y": 0.0, "z": 0.0  },
        "Components": [
            {
                "id": {
                    "name": "NOMBRE UNICO",
                    "type": "TIPO DEL COMPONENTE (QUE PARSEARA EL COMP)",
                },
                "ETC" : "TODOS LOS PARAMETROS NECESARIOS"
            }
        ]
    },
    {
        "id": {
            "name": "pref_ground",
            "type": "pref_ground",
            "group": "prefabs"
        },
        "pos": { "x": 0.0, "y": -10.0, "z": 0.0 },
        "EXAMPLE0": "No especificada porque no es obligatorio",
        "Components": {
            "ground_phys": {
                "id": {
                    "EXAMPLE0": "NO SE ESPECIFICA EL NOMBRE YA QUE ES LA KEY",
                    "EXAMPLE1": "TMB SE PUEDE DEFINIR EL GRUPO DEL COMPONENTE",
					"type": "Phys",
					"group": "test_comps"
                },
                "dynamic": false,
                "shape": {
                    "type": "BOX", "scale": { "x": 10.0, "y": 1.0, "z": 10.0 }
                }
            },
            "ground_rend": {
                "id": {
                    "type": "Render",
					"group": "test_comps"
				},
                "scale": { "x": 10.0, "y": 1.0, "z": 10.0 },
                "material": "DebugMaterial2",
                "shape": {
                    "entity_name": "ground",
                    "type": "BOX",
                    "mesh": "cube.mesh"
                }
            }
        }
    }
]
}
