{
"Prefabs" :
[
    {
        "id": {
            "name": "pref_fallingTile",
            "type": "FallingTile",
            "group": "map"
        },
        "Components": {
            "tile_phys": {
                "id": {
					"type": "PhysicsComponent",
					"group": "map_comps"
                },
                "noGravity": true,
                "shape": {
                    "type": "BOX", "scale": { "x": 4.0, "y": 1.0, "z": 4.0 }
                }
            },
            "tile_rend": {
                "id": {
                    "type": "RenderComponent",
					"group": "map_comps"
				},
                "scale": { "x": 4.0, "y": 1.0, "z": 4.0 },
                "material": "FallingTile",
                "shape": {
                    "entity_name": "f_tile",
                    "type": "MESH",
                    "mesh": "cube.mesh"
                }
            }
        }
    },
    {
        "id": {
            "name": "pref_Tile",
            "type": "Tile",
            "group": "map"
        },
        "Components": {
            "tile_phys": {
                "id": {
					"type": "PhysicsComponent",
					"group": "map_comps"
                },
                "ignoreTrans": true,
                "dynamic": false,
                "shape": {
                    "type": "BOX", "scale": { "x": 5.0, "y": 1.0, "z": 5.0 }
                }
            },
            "tile_rend": {
                "id": {
                    "type": "RenderComponent",
					"group": "map_comps"
				},
                "scale": { "x": 5.0, "y": 1.0, "z": 5.0 },
                "material": "SimpleTile",
                "shape": {
                    "entity_name": "tile",
                    "type": "MESH",
                    "mesh": "cube.mesh"
                }
            }
        }
    },
    {
        "id": {
            "name": "pref_BigTile",
            "type": "BigTile",
            "group": "map"
        },
        "Components": {
            "tile_phys": {
                "id": {
					"type": "PhysicsComponent",
					"group": "map_comps"
                },
                "dynamic": false,
                "ignoreTrans": true,
                "shape": {
                    "type": "BOX", "scale": { "x": 35.0, "y": 1.0, "z": 35.0 }
                }
            },
            "tile_rend": {
                "id": {
                    "type": "RenderComponent",
					"group": "map_comps"
				},
                "scale": { "x": 35.0, "y": 1.0, "z": 35.0 },
                "material": "SimpleTile",
                "shape": {
                    "entity_name": "bigTile",
                    "type": "MESH",
                    "mesh": "cube.mesh"
                }
            }
        }
    }
]
}
