{
  "Prefabs": [
    {
      "id": {
        "name": "base_bullet",
        "type": "base_bullet",
        "group": "bBullets0"
      },
      "Components": {
        "bullet_phys": {
          "id": {
            "type": "PhysicsComponent"
          },
          "noGravity": true,
          "mass": 0.01,
          "shape": {
            "type": "SPHERE",
            "r": 0.3
          }
        },
        "bullet_rend": {
          "id": {
            "type": "RenderComponent"
          },
          "scale": {
            "x": 0.3,
            "y": 0.3,
            "z": 0.3
          },
          "material": "Bullet",
          "shape": {
            "entity_name": "base_bullet",
            "type": "MESH",
            "mesh": "uv_sphere.mesh"
          }
        },
        "bullet_hit": {
          "id": {
            "type": "BulletHit"
          },
          "time": 8
        }
      }
    },
    {
      "id": {
        "name": "power_bullet",
        "type": "power_bullet",
        "group": "pBullets0"
      },
      "Components": {
        "bullet_phys": {
          "id": {
            "type": "PhysicsComponent"
          },
          "noGravity": true,
          "mass": 0.01,
          "shape": {
            "type": "BOX",
            "scale": {
              "x": 0.5,
              "y": 0.5,
              "z": 0.5
            }
          }
        },
        "bullet_rend": {
          "id": {
            "type": "RenderComponent"
          },
          "scale": {
            "x": 0.5,
            "y": 0.5,
            "z": 0.5
          },
          "material": "DebugMaterial2",
          "shape": {
            "entity_name": "power_bullet",
            "type": "MESH",
            "mesh": "cube.mesh"
          }
        },
        "bullet_hit": {
          "id": {
            "type": "BulletHit"
          },
          "time": 8
        }
      }
    },
    {
      "id": {
        "name": "e_bomb",
        "type": "e_bomb",
        "group": "enemies"
      },
      "Components": {
        "bullet_phys": {
          "id": {
            "type": "PhysicsComponent"
          },
          "noGravity": false,
          "mass": 0.04,
          "shape": {
            "type": "SPHERE",
            "r": 0.4
          }
        },
        "bullet_rend": {
          "id": {
            "type": "RenderComponent"
          },
          "scale": {
            "x": 0.4,
            "y": 0.4,
            "z": 0.4
          },
          "material": "DebugMaterial2",
          "shape": {
            "entity_name": "e_bomb",
            "type": "MESH",
            "mesh": "uv_sphere.mesh"
          }
        },
        "bullet_hit": {
          "id": {
            "type": "BulletHit"
          },
          "time": 8
        }
      }
    },
    {
      "id": {
        "name": "e_bullet",
        "type": "e_bullet",
        "group": "enemies"
      },
      "Components": {
        "bullet_phys": {
          "id": {
            "type": "PhysicsComponent"
          },
          "noGravity": true,
          "mass": 0.04,
          "shape": {
            "type": "SPHERE",
            "r": 1.3
          }
        },
        "bullet_rend": {
          "id": {
            "type": "RenderComponent"
          },
          "scale": {
            "x": 1.3,
            "y": 1.3,
            "z": 1.3
          },
          "material": "DebugMaterial2",
          "shape": {
            "entity_name": "e_bullet",
            "type": "MESH",
            "mesh": "uv_sphere.mesh"
          }
        },
        "heavy_bullet_hit": {
          "id": {
            "type": "HeavyBulletHit"
          },
          "time": 8
        },
        "bullet_hittable": {
          "id": {
            "type": "BulletHittable",
            "group": "enemy_comps"
          },
          "hp": 30,
          "points": 0,
          "enemy": false
        }
      }
    },
    {
      "id": {
        "name": "e_rocket",
        "type": "e_rocket",
        "group": "enemies"
      },
      "Components": {
        "bullet_phys": {
          "id": {
            "type": "PhysicsComponent"
          },
          "noGravity": true,
          "mass": 0.04,
          "shape": {
            "type": "SPHERE",
            "r": 0.7
          }
        },
        "bullet_rend": {
          "id": {
            "type": "RenderComponent"
          },
          "scale": {
            "x": 1,
            "y": 1,
            "z": 1
          },
          "material": "DebugMaterial2",
          "shape": {
            "entity_name": "e_rocket",
            "type": "MESH",
            "mesh": "uv_sphere.mesh"
          }
        },
        "heavy_bullet_hit": {
          "id": {
            "type": "HeavyBulletHit"
          },
          "time": 12
        },
        "bullet_hittable": {
          "id": {
            "type": "BulletHittable",
            "group": "enemy_comps"
          },
          "hp": 20,
          "points": 0
        },
        "FollowTargetComponent": {
          "id": {
            "type": "FollowTargetComponent",
            "group": "enemy_comps"
          },
          "HorizontalSpeed": 15,
          "Target": "player"
        }
      }
    }
  ]
}
