{
  "Prefabs": [
    {
      "id": {
        "name": "pref_spawner",
        "type": "pref_spawner",
        "group": "indestructible_spawner"
      },
      "pos": {
        "x": 0.0,
        "y": 0.0,
        "z": 0.0
      },
      "Components": {
        "spawner": {
          "id": {
            "type": "Spawner",
            "group": "test_comps"
          },
          "active": true,
          "itemString": "pref_monkey",
          "default": 5,
          "timer": 10.0,
          "smart": false
        },
        "circular_movement": {
          "id": {
            "type": "CircularMovementComponent",
            "group": "test_comps"
          },
          "Speed": 0.3,
          "Radius": 50
        }
      }
    },
    {
      "id": {
        "name": "pref_Enemyspawner",
        "type": "pref_Enemyspawner",
        "group": "destructible_spawner"
      },
      "pos": {
        "x": 0.0,
        "y": 0.0,
        "z": 0.0
      },
      "Components": {
        "spawner": {
          "id": {
            "type": "Spawner",
            "group": "test_comps"
          },
          "active": true,
          "itemString": "pref_monkey",
          "default": 5,
          "timer": 25.0,
          "radius": 10.0,
          "smart": true
        },
        "basic_phy": {
          "id": {
            "type": "PhysicsComponent",
            "group": "enemy_comps"
          },
          "dynamic": false,
          "noGravity": true,
          "shape": {
            "type": "BOX",
            "scale": {
              "x": 15.0,
              "y": 12.5,
              "z": 15.0
            }
          }
        },
        "basic_ren": {
          "id": {
            "type": "RenderComponent",
            "group": "enemy_comps"
          },
          "scale": {
            "x": 1.25,
            "y": 1.25,
            "z": 1.5
          },
          "relativePos": { "x": 0, "y": -5, "z": 0 },
          "localRot": { "w" : 1, "x": 1, "y": 0, "z": 0},
          "material": "portal",
          "shape": {
            "entity_name": "portal",
            "type": "MESH",
            "mesh": "portal.mesh"
          },
          "updateOri": false
        },
        "bullet_hittable": {
          "id": {
            "type": "BulletHittable",
            "group": "enemy_comps"
          },
          "hp": 300,
          "points": 50
        },
        "att_light": {
          "id": {
            "type": "AttachedLightComponent",
            "group": "player_comps"
          },
          "name": "portalLight",
          "fatherName": "basic_ren",
          "type": 1,
          "diffColor": {
            "r": 7.0,
            "g": 0.0,
            "b": 0.0
          },
          "specColor": {
            "r": 1.0,
            "g": 1.0,
            "b": 1.0
          },
          "range": 5000
        }
      }
    },
    {
      "id": {
        "name": "bombardier_spawner",
        "type": "bombardier_spawner",
        "group": "indestructible_spawner"
      },
      "pos": {
        "x": 0.0,
        "y": 0.0,
        "z": 0.0
      },
      "Components": {
        "spawner": {
          "id": {
            "type": "Spawner",
            "group": "test_comps"
          },
          "active": true,
          "itemString": "pref_bombardier",
          "default": 5,
          "timer": 18.0,
          "smart": false
        },
        "circular_movement": {
          "id": {
            "type": "CircularMovementComponent",
            "group": "test_comps"
          },
          "Speed": 0.3,
          "Radius": 50
        }
      }
    },
    {
      "id": {
        "name": "sniper_spawner",
        "type": "sniper_spawner",
        "group": "indestructible_spawner"
      },
      "pos": {
        "x": 0.0,
        "y": 0.0,
        "z": 0.0
      },
      "Components": {
        "spawner": {
          "id": {
            "type": "Spawner",
            "group": "test_comps"
          },
          "active": true,
          "itemString": "pref_sniper",
          "default": 5,
          "timer": 18.0,
          "smart": false
        },
        "circular_movement": {
          "id": {
            "type": "CircularMovementComponent",
            "group": "test_comps"
          },
          "Speed": 0.3,
          "Radius": 50
        }
      }
    },
    {
      "id": {
        "name": "stomper_spawner",
        "type": "stomper_spawner",
        "group": "indestructible_spawner"
      },
      "pos": {
        "x": 0.0,
        "y": 0.0,
        "z": 0.0
      },
      "Components": {
        "spawner": {
          "id": {
            "type": "Spawner",
            "group": "test_comps"
          },
          "active": true,
          "itemString": "pref_stomper",
          "default": 5,
          "timer": 18.0,
          "smart": false
        },
        "circular_movement": {
          "id": {
            "type": "CircularMovementComponent",
            "group": "test_comps"
          },
          "Speed": 0.3,
          "Radius": 50
        }
      }
    }
  ]
}
