{
  "Prefabs": [
    {
      "id": {
        "name": "pref_monkey",
        "type": "pref_monkey",
        "group": "enemies"
      },
      "Components": {
        "basic_phy": {
          "id": {
            "type": "PhysicsComponent",
            "group": "enemy_comps"
          },
          "noGravity": true,
          "linDamp": 1,
          "angDamp": 1,
          "shape": {
            "type": "BOX",
            "scale": {
              "x": 5.0,
              "y": 5.0,
              "z": 5.0
            }
          }
        },
        "basic_ren": {
          "id": {
            "type": "RenderComponent",
            "group": "enemy_comps"
          },
          "scale": {
            "x": 200.0,
            "y": 260.0,
            "z": 200.0
          },
          "material": "Material",
          "shape": {
            "entity_name": "monkey",
            "type": "MESH",
            "mesh": "monkey.mesh"
          }
        },
        "FollowTargetComponent": {
          "id": {
            "type": "FollowTargetComponent",
            "group": "enemy_comps"
          },
          "HorizontalSpeed": 3.5,
          "Target": "player"
        },
        "SinusoidalMovementComponent": {
          "id": {
            "type": "SinusoidalMovementComponent",
            "group": "enemy_comps"
          },
          "Amplitude": 0.02,
          "speed": 1,
          "moveY": true
        },
        "auto_rotation": {
          "id": {
            "type": "AutoRotationComponent",
            "group": "enemy_comps"
          },
          "Target": "player"
        },
        "bullet_hittable": {
          "id": {
            "type": "BulletHittable",
            "group": "enemy_comps"
          },
          "hp": 50,
          "points": 50
        },
        "att_light": {
          "id": {
            "type": "AttachedLightComponent",
            "group": "player_comps"
          },
          "name": "monkeyLight",
          "fatherName": "basic_ren",
          "type": 0,
          "diffColor": {
            "r": 1.0,
            "g": 0.0,
            "b": 0.0
          },
          "specColor": {
            "r": 1.0,
            "g": 1.0,
            "b": 1.0
          },
          "range": 5000
        },
        "pruebaMusic3d": {
          "id": {
            "type": "SoundEmitterComponent",
            "group": "test_comps"
          },
          "routeName": "bell.wav",
          "loop": true,
          "3D": true,
          "volume": 0.5
        }
      }
    },
    {
      "id": {
        "name": "pref_bombardier",
        "type": "pref_bombardier",
        "group": "enemies"
      },
      "Components": {
        "basic_phy": {
          "id": {
            "type": "PhysicsComponent",
            "group": "enemy_comps"
          },
          "noGravity": true,
          "linDamp": 1,
          "angDamp": 1,
          "shape": {
            "type": "BOX",
            "scale": {
              "x": 5.0,
              "y": 5.0,
              "z": 5.0
            }
          }
        },
        "basic_ren": {
          "id": {
            "type": "RenderComponent",
            "group": "enemy_comps"
          },
          "scale": {
            "x": 200.0,
            "y": 260.0,
            "z": 200.0
          },
          "material": "Material",
          "shape": {
            "entity_name": "monkey",
            "type": "MESH",
            "mesh": "monkey.mesh"
          }
        },
        "bombardier": {
          "id": {
            "type": "BombardierBehavior",
            "group": "enemy_comps"
          },
          "speed": 18,
          "Target": "player",
          "lowY": 10,
          "highY": 30,
          "shootSpeed": 0.15,
          "chargeSize": 20
        },
        "bullet_hittable": {
          "id": {
            "type": "BulletHittable",
            "group": "enemy_comps"
          },
          "hp": 100,
          "points": 250
        },
        "att_light": {
          "id": {
            "type": "AttachedLightComponent",
            "group": "player_comps"
          },
          "name": "monkeyLight",
          "fatherName": "basic_ren",
          "type": 0,
          "diffColor": {
            "r": 0.0,
            "g": 1.0,
            "b": 0.0
          },
          "specColor": {
            "r": 1.0,
            "g": 1.0,
            "b": 1.0
          },
          "range": 5000
        },
        "SinusoidalMovementComponent": {
          "id": {
            "type": "SinusoidalMovementComponent",
            "group": "enemy_comps"
          },
          "Amplitude": 0.02,
          "speed": 2,
          "moveX": true
        }
      }
    },
    {
      "id": {
        "name": "pref_sniper",
        "type": "pref_sniper",
        "group": "enemies"
      },
      "Components": {
        "basic_phy": {
          "id": {
            "type": "PhysicsComponent",
            "group": "enemy_comps"
          },
          "noGravity": true,
          "linDamp": 1,
          "angDamp": 1,
          "shape": {
            "type": "BOX",
            "scale": {
              "x": 5.0,
              "y": 5.0,
              "z": 5.0
            }
          }
        },
        "basic_ren": {
          "id": {
            "type": "RenderComponent",
            "group": "enemy_comps"
          },
          "scale": {
            "x": 300.0,
            "y": 360.0,
            "z": 300.0
          },
          "material": "Material",
          "shape": {
            "entity_name": "monkey",
            "type": "MESH",
            "mesh": "monkey.mesh"
          }
        },
        "sniper": {
          "id": {
            "type": "SniperBehavior",
            "group": "enemy_comps"
          },
          "speed": 8,
          "Target": "player",
          "lowY": -11,
          "highY": 4,
          "shotSpeed": 50,
          "actionDelay": 1.4
        },
        "bullet_hittable": {
          "id": {
            "type": "BulletHittable",
            "group": "enemy_comps"
          },
          "hp": 100,
          "points": 250
        },
        "att_light": {
          "id": {
            "type": "AttachedLightComponent",
            "group": "player_comps"
          },
          "name": "monkeyLight",
          "fatherName": "basic_ren",
          "type": 0,
          "diffColor": {
            "r": 0.0,
            "g": 1.0,
            "b": 1.0
          },
          "specColor": {
            "r": 1.0,
            "g": 1.0,
            "b": 1.0
          },
          "range": 5000
        },
        "auto_rotation": {
          "id": {
            "type": "AutoRotationComponent",
            "group": "enemy_comps"
          },
          "Target": "player"
        }
      }
    },
    {
      "id": {
        "name": "pref_stomper",
        "type": "pref_stomper",
        "group": "enemies"
      },
      "Components": {
        "basic_phy": {
          "id": {
            "type": "PhysicsComponent",
            "group": "enemy_comps"
          },
          "noGravity": true,
          "linDamp": 1,
          "angDamp": 1,
          "shape": {
            "type": "BOX",
            "scale": {
              "x": 5.0,
              "y": 5.0,
              "z": 5.0
            }
          }
        },
        "basic_ren": {
          "id": {
            "type": "RenderComponent",
            "group": "enemy_comps"
          },
          "scale": {
            "x": 300.0,
            "y": 360.0,
            "z": 300.0
          },
          "material": "Material",
          "shape": {
            "entity_name": "monkey",
            "type": "MESH",
            "mesh": "monkey.mesh"
          }
        },
        "stomper": {
          "id": {
            "type": "StomperBehavior",
            "group": "enemy_comps"
          },
          "Target": "player",
          "speed": 45,
          "actionDelay": 2,
          "shotSpeed": 50,
          "lowY": 1,
          "highY": 20,
          "maxBullets": 3,
          "maxJumps": 2
        },
        "bullet_hittable": {
          "id": {
            "type": "BulletHittable",
            "group": "enemy_comps"
          },
          "hp": 300,
          "points": 500
        },
        "auto_rotation": {
          "id": {
            "type": "AutoRotationComponent",
            "group": "enemy_comps"
          },
          "Target": "player"
        }
      }
    }
  ]
}
