{
  "Prefabs": [
    {
      "id": {
        "name": "gm_go",
        "type": "pref_gm_go",
        "group": "manage_gameObjects"
      },
      "Components": {
        "canvas": {
          "id": {
            "type": "OverlayComponent",
            "group": "ui_overlay"
          },
          "overlay_name": "HUD",
          "panel_container": "HUD_PanelContainer",
          "panel container": "DEATH_PANEL"
        },
        "push_pause": {
          "id": {
            "type": "PushStateComponent",
            "group": "test_comps"
          },
          "key": "p",
          "json": "_PAUSE_LEVEL_"
        },
        "push_death": {
          "id": {
            "type": "PushStateComponent",
            "group": "test_comps"
          },
          "key": "",
          "json": "_DEATH_LEVEL_"
        },
        "game_manager_comp": {
          "id": {
            "type": "GameManager",
            "group": "manage_components"
          },
          "death_state": "push_death",
          "hitMarker_sound": "hitSound",
          "json": "_PAUSE_LEVEL_",
          "hitTime":0.1,
          "deathTime":0.3,
          "roundTime":2.5
        },
        "mainMusic": {
          "id": {
            "type": "SoundEmitterComponent",
            "group": "test_comps"
          },
          "routeName": "ophelia.mp3",
          "customName": "mainMusic",
          "3D": false,
          "volume": 0.025
        },
        "hitSound": {
          "id": {
            "type": "SoundEmitterComponent",
            "group": "test_comps"
          },
          "routeName": "hitmarker.ogg",
          "customName": "hitSound",
          "3D": false,
          "volume": 0.2,
          "startPaused": true,
          "loop": false
        },
        "handle_input": {
          "id": {
            "type": "PopStateComponent",
            "group": "test_comps"
          },
          "key": "j",
          "state": "Menu"
        }
      }
    },
    {
      "id": {
        "name": "gmPause_go",
        "type": "pref_gmPause_go",
        "group": "manage_gameObjects"
      },
      "Components": {
        "canvas": {
          "id": {
            "type": "OverlayComponent",
            "group": "test_comps"
          },
          "overlay_name": "PAUSE",
          "panel_container": "PAUSE_PanelContainer"
        },
        "pop_state_main": {
          "id": {
            "type": "PopStateComponent",
            "group": "test_comps"
          },
          "key": "p",
          "state": "MainScene"
        },
        "pop_state_menu": {
          "id": {
            "type": "PopStateComponent",
            "group": "test_comps"
          },
          "key": "",
          "state": "Menu"
        }
      }
    },
    {
      "id": {
        "name": "gmMenu_go",
        "type": "pref_gmMenu_go",
        "group": "manage_gameObjects"
      },
      "Components": {
        "canvas": {
          "id": {
            "type": "OverlayComponent",
            "group": "test_comps"
          },
          "overlay_name": "MENU",
          "panel_container": "MENU_PanelContainer"
        },
        "push_state_main": {
          "id": {
            "type": "PushStateComponent",
            "group": "test_comps"
          },
          "key": " ",
          "json": "_MAIN_LEVEL_"
        },
        "push_state_leader_board": {
          "id": {
            "type": "PushStateComponent",
            "group": "test_comps"
          },
          "key": "",
          "json": "_LEADER_BOARD_LEVEL_"
        }
      }
    },
    {
      "id": {
        "name": "gmDeath_go",
        "type": "pref_gmDeath_go",
        "group": "manage_gameObjects"
      },
      "Components": {
        "canvas": {
          "id": {
            "type": "OverlayComponent",
            "group": "test_comps"
          },
          "overlay_name": "DEATH",
          "panel_container": "DEATH_PANEL"
        },
        "pop_state": {
          "id": {
            "type": "PopStateComponent",
            "group": "test_comps"
          },
          "key": "",
          "state": "Menu"
        }
      }
    },
    {
      "id": {
        "name": "gmLeaderBoard_go",
        "type": "pref_gmLeaderBoard_go",
        "group": "manage_gameObjects"
      },
      "Components": {
        "canvas": {
          "id": {
            "type": "OverlayComponent",
            "group": "ui_overlay"
          },
          "overlay_name": "LEADER_BOARD",
          "panel_container": "LEADER_BOARD_PanelContainer"
        },
        "pop_state": {
          "id": {
            "type": "PopStateComponent",
            "group": "test_comps"
          },
          "key": "",
          "state": "Menu"
        }
      }
    }
  ]
}
