{
    "Prefabs": [
        {
            "id": {
                "name": "camera_menu",
                "type": "camera_menu",
                "group": "menus"
            },
            "Components": {
                "CameraMenu": {
                    "id": {
                        "type": "CameraMenu",
                        "group": "menu_comps"
                    },
                    "pos": {
                        "x": 1,
                        "y": 0,
                        "z": 0
                    },
                    "dir": {
                        "x": 1,
                        "y": 0,
                        "z": 0
                    }
                }
            }
        },
        {
            "id": {
                "name": "monkey_menu",
                "type": "monkey_menu",
                "group": "menus"
            },
            "pos":{
                "x": 1.0,
                "y": 0.0,
                "z": 0.0
            },
            "Components": {
                "basic_ren": {
                    "id": {
                        "type": "RenderComponent",
                        "group": "enemy_comps"
                    },
                    "scale": {
                        "x": 200.0,
                        "y": 260.0,
                        "z": 200.0
                    },
                    "material": "Material",
                    "shape": {
                        "entity_name": "monkey",
                        "type": "MESH",
                        "mesh": "monkey.mesh"
                    }
                },
                "att_light": {
                    "id": {
                        "type": "AttachedLightComponent",
                        "group": "player_comps"
                    },
                    "name": "monkeyLight",
                    "fatherName": "basic_ren",
                    "type": 0,
                    "diffColor": {
                        "r": 0.0,
                        "g": 1.0,
                        "b": 0.0
                    },
                    "specColor": {
                        "r": 1.0,
                        "g": 1.0,
                        "b": 1.0
                    },
                    "range": 5000
                },
                "circular_movement": {
                    "id": {
                        "type": "CircularMovementComponent",
                        "group": "test_comps"
                    },
                    "Speed": 1.5,
                    "Radius": 40
                },

                "auto_rotation": {
                    "id": {
                        "type": "AutoRotationComponent",
                        "group": "enemy_comps"
                    },
                    "Target": "camera_menu"
                }
            }
        }
    ]
}
