{
    "id": {
        "name": "player",
        "type": "pref_playerController"
    },
    "pos": { "x": 0.0, "y": 5.0, "z": -5.0 },
    "Components": {
        "controller_phy": {
            "id": {
                "type": "PhysicsControllerComponent",
                "group": "player_comps"
            },

            "radius": 1.6,
            "height": 3.0,
            "material": "PLAYER",
            "dens": 10.0,
            "i_mass": 1.0,
            "damping_": 0.00,

            "contactOffset": 0.01,
            "stepOffset": 0.01,
            "minDist": 0.001,

            "g": { "x": 0.0, "y": -50.0, "z": 0.0 },
            "slopeLimit": 0.5,
            "invisibleWallHeight": 0.0,
            "maxJumpHeight": 0.0
        },

        "hitbox_ren": {
            "id": {
              "type": "RenderComponent",
              "group": "player_comps"
            },
            "updateOri": false,
            "boundingBox": true,
            "invisible": true,
            "scale": { "x": 1.6, "y": 6.2, "z": 1.6 },
            "material": "DebugMaterial3",
            "shape": {
              "entity_name": "player_hitbox",
              "type": "MESH",
              "mesh": "cube.mesh"
            },
            "active": false
          },
          "spoon_ren": {
                "id": {
                    "type": "RenderComponent",
                    "group": "player_comps"
                },
                "scale": { "x": 50.0, "y": 65.0, "z": 50.0 },
                "localRot": { "w": 0.1, "x": 0.0, "y": -0.6, "z": 0.5 },
                "relativePos": { "x": 3.5, "y": -7.5, "z": -0.1 },
                "shape": {
                    "entity_name": "player_spoon",
                    "type": "MESH",
                    "mesh": "spoon.mesh"
                },
                "material": "Spoon",
                "idleAnimation": "Shoot",
                "ignoreTrans": true
            },

        "keyboard_mov": {
            "id": {
                "type": "KeyBoardMovement",
                "group": "player_comps"
            },
            "walkVel":25,
            "runVel": 40,
            "jumpImpulse": 20,
            "jumpResetersGroups": ["map"]
        },
        "camera_fps": {
            "id": {
                "type": "FPSCamera"
            },
            "maxRotY": 80,
            "zoomFovScale": 0.7,
            "zoomSensScale": 0.4,
            "baseLookAt": { "x": 0.0, "y": 0.0, "z": 1.0 },
            "relativePos": { "x": 0.0, "y": 3.0, "z": 0.0 }
        },
        "bullet_shooter": {
            "id": {
                "type": "BulletShooter",
                "group": "player_comps"
            },
            "relativeY": 3.0,
            "relativeZ": 3.0
        },

        "att_light": {
            "id": {
                "type": "AttachedLightComponent",
                "group": "player_comps"
            },
            "name": "playerLight",
            "fatherName": "hitbox_ren",
            "type": 0,
            "diffColor": { "r": 1.0, "g": 1.0, "b": 1.0 },
            "specColor": { "r": 1.0, "g": 1.0, "b": 1.0 },
            "range": 8500
        },

        "hp_component": {
            "id": {
                "type": "HPComponent",
                "group": "player_comps"
            },
            "hp": 50
        },
        "player_hit": {
            "id": {
                "type": "PlayerHit",
                "group": "player_comps"
            },
            "inv_t": 3,
            "damageDealers": [ {"group": "bounds", "dmg": 50}, {"group": "enemies", "dmg": 10} ]
        },
        "hitPostProcessing": {
            "id": {
                "type": "HitPostProcessingComponent",
                "group": "player_comps"
            },
            "CompositorName": "Luminance"
        }
    }
}
