{
    "Prefabs": [
        {
            "id": {
                "name": "cursor",
                "type": "cursor_ui",
                "group": "ui"
            },
            "Components": {
                "cursor": {
                    "id": {
                        "type": "CursorComponent",
                        "group": "ui_comps"
                    },
                    "image": "POINTER.cur"
                }
            }
        },
        {
            "id": {
                "name": "button",
                "type": "button_ui",
                "group": "ui"
            },
            "Components": {
                "button": {
                    "id": {
                        "type": "ButtonComponent",
                        "group": "ui_comps"
                    },
                    "X": 0.35,
                    "Y": 0.6,
                    "W": 0.3,
                    "H": 0.1,
                    "msgType": 0,
                    "panelName": "MENU_PanelContainer",
                    "materialName": "ButtonMaterial",
                    "name": "start_button"
                }
            }
        },
        {
            "id": {
                "name": "basic_postprocessing",
                "type": "basic_postprocessing",
                "group": "ui"
            },
            "Components": {
                "BasicPostProcessingComponent": {
                    "id": {
                        "type": "BasicPostProcessingComponent",
                        "group": "postProcessing_comps"
                    },
                    "CompositorName": "BloodMix",
                    "EnabledOnStart": true
                },
                "BasicPostProcessingComponent2": {
                    "id": {
                        "type": "BasicPostProcessingComponent",
                        "group": "postProcessing_comps"
                    },
                    "CompositorName": "Test",
                    "EnabledOnStart": true
                }
            }
        },
        {
            "id": {
                "name": "showLeaderBoard",
                "type": "showLeaderBoard",
                "group": "ui"
            },
            "Components": {
                "ShowLeaderBoardComponent": {
                    "id": {
                        "type": "ShowLeaderBoardComponent",
                        "group": "ui_comps"
                    },
                    "panelName": "LEADER_BOARD_PanelContainer",
                    "offset_X": 0.3,
                    "offset_Y": 0.2,
                    "top_distance": 0.075,
                    "btw_distance": 350,
                    "charHeight": 0.08,
                    "color_top": {"r": 1.0, "g": 1.0, "b": 1.0},
                    "color_bot": {"r": 0.0, "g": 1.0, "b": 0.0}
                }
            }
        }
    ]
}