{
    "stateID_": "Death",
    "Manager":{
      "id": {
        "type": "pref_gmDeath_go"
      }
    },
  "GameObjects": [
    {
      "id": {
        "type": "cursor_ui"
      }
    },
    {
      "id": {
        "type": "button_ui"
      },
      "Components": {
        "button": {
          "msgType": 1,
          "panelName": "DEATH_PANEL",
          "materialName": "ButtonMaterial",
          "name": "death_button"
        }
      }
    },
    {
      "id": {
        "type": "camera_menu"
      }
    }
  ]
}
