{
  "stateID_": "MainScene",
  "mapFile": "_MAIN_LEVEL_map.txt",
  "Player": {
    "id": {
      "name": "player",
      "type": "pref_playerController"
    }
  },
  "Manager":{
    "id": {
      "type": "pref_gm_go"
    }
  },
  "GameObjects": [
    {
      "id": {
        "type": "pref_spawner"
      },
      "pos": {
        "x": -30.0,
        "y": 0.0,
        "z": 0.0
      }
    },
    {
      "id": {
        "type": "sniper_spawner"
      }
    },
    {
      "id": {
        "type": "stomper_spawner"
      }
    },

    {
      "id": {
        "type": "ambient_light"
      }
    },

    {
      "id": {
        "type": "skybox"
      }
    },
    {
      "id": {
        "type": "DeathPlaneLava"
      },
      "pos": {
        "x": 0.0,
        "y": -25.0,
        "z": 0.0
      }
    },
    {
      "id": {
        "type": "PlaneLava"
      },
      "pos": {
        "x": 0.0,
        "y": -6.0,
        "z": 0.0
      }
    },

    {
      "id": {
        "type": "bombardier_spawner"
      },
      "pos": {
        "x": -40.0,
        "y": 30.0,
        "z": 0.0
      }
    },

    {
      "id": {
        "type": "pref_Enemyspawner"
      },
      "pos": {
        "x": 80.0,
        "y": -1.0,
        "z": 0.0
      }
    },
    {
      "id": {
        "type": "basic_postprocessing"
      }
    },
    {
      "id": {
        "type": "leaderBoard"
      }
    }
  ]
}
