{
  "stateID_": "Menu",
  "Manager": {
    "id": {
      "type": "pref_gmMenu_go"
    }
  },
  "GameObjects": [
    {
      "id": {
        "type": "cursor_ui"
      }
    },
    {
      "id": {
        "type": "button_ui"
      },
      "Components": {
        "button": {
          "listener": "push_state_main"
        }
      }
    },
    {
      "id": {
        "type": "button_ui"
      },
      "Components": {
        "button": {
          "Y": 0.75,
          "materialName": "ButtonMaterial",
          "name": "leader_board_button",
          "listener": "push_state_leader_board"
        }
      }
    },
    {
      "id": {
        "type": "camera_menu"
      }
    },
    {
      "id": {
        "type": "skybox"
      },
      "Components": {
        "skybox": {
          "skybox": "SkyBox2"
        }
      }
    },
    {
      "id": {
        "type": "PlaneLava"
      },
      "pos": {
        "x": -5.0,
        "y": -25.0,
        "z": 0.0
      },
      "Components": {
        "basic_ren": {
          "shape": {
            "w": 3000,
            "h": 3000
          }
        }
      }
    },
    {
      "id": {
        "type": "monkey_menu"
      }
    },
    {
      "id": {
        "type": "monkey_menu"
      },
      "pos": {
        "x": 1.0,
        "y": 15.0,
        "z": 0.0
      },
      "Components": {
        "circular_movement": {
          "Speed": -1.5
        }
      }
    },
    {
      "id": {
        "type": "monkey_menu"
      },
      "pos": {
        "x": 1.0,
        "y": -15.0,
        "z": 0.0
      },
      "Components": {
        "circular_movement": {
          "Speed": -1.5
        }
      }
    }
  ]
}